{
  "sheetsById": {
    "Demo Sheet": {
      "staticOverrides": {
        "byObject": {
          "Camera": {
            "rotation": {
              "y": 0,
              "x": -0.55,
              "z": 0
            },
            "position": {
              "x": -35.78000000000001,
              "y": 580.9967128128704,
              "z": -19.926140546459294
            }
          },
          "HomeMountainTop": {
            "position": {
              "x": 0,
              "y": 0,
              "z": 0
            }
          }
        }
      }
    },
    "default": {
      "staticOverrides": {
        "byObject": {
          "Camera": {
            "position": {
              "x": -35.261514574827444,
              "y": 505.5509148341097,
              "z": -350.97394368695194
            },
            "rotation": {
              "x": 3.134315461957213,
              "z": -3.139620625770663,
              "y": -0.05297880459082203
            },
            "fov": 43.6,
            "zoom": 1,
            "far": 2000
          },
          "homeMountainSittingLogs4": {
            "position": {
              "x": 17.04999999999999,
              "z": 4.710000000000001
            }
          },
          "homeMountainSittingLogs3": {
            "position": {
              "x": -7.5699999999999985,
              "z": 19.830000000000005
            }
          },
          "homeMountainSittingLogs2": {
            "position": {
              "x": 6.36,
              "z": 31.420000000000016
            }
          },
          "ambientLight": {
            "color": {
              "r": 0.9607843137254902,
              "g": 0.23529411764705882,
              "b": 0.5137254901960784,
              "a": 1
            },
            "intensity": 1.0199999999999985
          },
          "directionalLight": {
            "color": {
              "r": 0.611764705882353,
              "g": 0.38823529411764707,
              "b": 0.4980392156862745,
              "a": 1
            },
            "position": {
              "x": 74.9587378862368,
              "y": 455.88809140851936,
              "z": -287.5640091754777
            },
            "intensity": 1
          },
          "directionalLight1-Shadow": {
            "color": {
              "r": 1,
              "g": 0.9254901960784314,
              "b": 0.7372549019607844,
              "a": 1
            },
            "intensity": 0.11999999999999984,
            "position": {
              "x": 291.44134107146874,
              "z": 49.89130608237683,
              "y": 561.7880540666519
            }
          },
          "directionalLight-NO-Shadow": {
            "color": {
              "r": 1,
              "g": 0.47058823529411764,
              "b": 0.9019607843137255,
              "a": 1
            },
            "intensity": 0.8000000000000009,
            "position": {
              "x": 44.898500162793425,
              "y": 465.7385103338046,
              "z": 327.08781312763267
            }
          },
          "Sparkles1": {
            "position": {
              "x": -47.61654683981515,
              "y": 489.2514143546919,
              "z": -212.2003474730492
            }
          },
          "homeMountainLampParticles-2": {
            "position": {
              "x": -9.214189962371734,
              "y": 500.92882145293606,
              "z": -170.67773798140865
            },
            "rotation": {
              "x": 3.141592653589793,
              "y": -1.235920095933034,
              "z": 3.141592653589793
            }
          },
          "homeMountainLampParticles-1": {
            "position": {
              "x": -17.484961425432648,
              "y": 509.477005706128,
              "z": -168.77180814180423
            }
          },
          "homeMountainLampParticles-0": {
            "position": {
              "x": -26.293075621711868,
              "y": 508.8875400375151,
              "z": -167.79516114277857
            }
          },
          "HeaderText": {
            "position": {
              "x": 10.30772353212642,
              "y": 571.2029915116755,
              "z": 27.7015
            },
            "scale": {
              "x": 85,
              "y": 85,
              "z": 85
            },
            "rotation": {
              "x": -3.141592653589793,
              "y": 0.051739302131272875,
              "z": -3.141592653589793
            }
          },
          "scene1-cloud1": {
            "position": {
              "x": -35.027184852514964,
              "y": 469.82820620469397,
              "z": -160.2240849908968
            },
            "scale": {
              "x": 1.2,
              "y": 1.2,
              "z": 1.2
            },
            "cloudScale": 5.20000000000001,
            "cloudVolume": 3.4000000000000004,
            "cloudColor": {
              "r": 0.9607843137254902,
              "g": 0.9019607843137255,
              "b": 0.9019607843137255,
              "a": 1
            },
            "cloudFade": 181,
            "cloudGrowth": 0.9499999999999994,
            "cloudSpeed": 0.5,
            "cloudSeed": 16,
            "cloudOpacity": 0.6900000000000002
          },
          "scene1-clouds2": {
            "position": {
              "x": -35.027184852514964,
              "y": 475.3382062046938,
              "z": -160.274084990897
            },
            "scale": {
              "x": 0.9,
              "y": 0.9,
              "z": 0.9
            },
            "cloudSeed": 20,
            "cloudScale": 5.699999999999999,
            "cloudVolume": 5.1,
            "rotation": {
              "y": 0.1999999999999999,
              "x": -0.09
            },
            "cloudColor": {
              "r": 0.9725490196078431,
              "g": 0.7843137254901961,
              "b": 0.8823529411764706,
              "a": 1
            },
            "cloudSpeed": 0.5,
            "cloudGrowth": 1
          },
          "scene1-clouds3": {
            "position": {
              "y": 475.3382062046938,
              "x": -35.027184852514964,
              "z": -107.00408499089673
            },
            "cloudScale": 6.20000000000001,
            "cloudVolume": 8.599999999999998,
            "cloudColor": {
              "r": 1,
              "g": 0.6313725490196078,
              "b": 0.8196078431372549,
              "a": 1
            },
            "cloudSpeed": 0.5,
            "cloudGrowth": -0.09000000000000001,
            "scale": {
              "x": 1.5,
              "y": 1.5,
              "z": 1.5
            }
          },
          "transparency-cloud": {
            "position": {
              "x": -10.997184852514916,
              "y": 500.6682062046939,
              "z": -248.4016485922598
            },
            "cloudScale": 100,
            "cloudColor": {
              "r": 1,
              "g": 0.7764705882352941,
              "b": 0.8901960784313725,
              "a": 1
            },
            "cloudVolume": 5.899999999999996,
            "cloudFade": 200,
            "cloudOpacity": 0.1,
            "cloudSpeed": 0.5900000000000003,
            "cloudSeed": 0
          },
          "pointLight": {
            "position": {
              "x": 0,
              "y": 534.2232454376291,
              "z": -305.2229756615412
            },
            "intensity": 8.580000000000018,
            "decay": 0.7600000000000025,
            "color": {
              "r": 1,
              "g": 0.7764705882352941,
              "b": 0.9490196078431372,
              "a": 1
            },
            "distance": 0
          },
          "scene1-cloudHQ": {
            "roughness": 0.9873417721518987,
            "metalness": 0.3037974683544308,
            "transmission": 0.3227848101265821,
            "clearcoatRoughness": 0.08860759493670879,
            "ior": 1.244113924050633
          }
        }
      }
    }
  },