{
  "sheetsById": {
    "Demo Sheet": {
      "staticOverrides": {
        "byObject": {
          "Camera": {
            "rotation": {
              "y": 0,
              "x": -0.55,
              "z": 0
            },
            "position": {
              "x": -35.78000000000001,
              "y": 580.9967128128704,
              "z": -19.926140546459294
            }
          },
          "HomeMountainTop": {
            "position": {
              "x": 0,
              "y": 0,
              "z": 0
            }
          }
        }
      }
    },
    "default": {
      "staticOverrides": {
        "byObject": {
          "Camera": {
            "position": {
              "x": -35.261514574827444,
              "y": 505.5509148341097,
              "z": -350.97394368695194
            },
            "rotation": {
              "x": 3.134315461957213,
              "z": -3.139620625770663,
              "y": -0.05297880459082203
            },
            "fov": 43.6,
            "zoom": 1,
            "far": 2000
          },
          "homeMountainSittingLogs4": {
            "position": {
              "x": 17.04999999999999,
              "z": 4.710000000000001
            }
          },
          "homeMountainSittingLogs3": {
            "position": {
              "x": -7.5699999999999985,
              "z": 19.830000000000005
            }
          },
          "homeMountainSittingLogs2": {
            "position": {
              "x": 6.36,
              "z": 31.420000000000016
            }
          },
          "ambientLight": {
            "color": {
              "r": 1,
              "g": 0.1450980392156863,
              "b": 0.47843137254901963,
              "a": 1
            },
            "intensity": 1
          },
          "directionalLight": {
            "color": {
              "r": 0.611764705882353,
              "g": 0.38823529411764707,
              "b": 0.4980392156862745,
              "a": 1
            },
            "position": {
              "x": 74.9587378862368,
              "y": 455.88809140851936,
              "z": -287.5640091754777
            },
            "intensity": 1
          },
          "directionalLight1-Shadow": {
            "color": {
              "r": 1,
              "g": 0.9254901960784314,
              "b": 0.7372549019607844,
              "a": 1
            },
            "intensity": 4,
            "position": {
              "x": 291.44134107146874,
              "z": 254.88652074674204,
              "y": 47.68645789645492
            }
          },
          "directionalLight-NO-Shadow": {
            "color": {
              "r": 1,
              "g": 0.6078431372549019,
              "b": 0.9254901960784314,
              "a": 1
            },
            "intensity": 0.9700000000000009,
            "position": {
              "x": 44.898500162793425,
              "y": 465.7385103338046,
              "z": 327.08781312763267
            }
          },
          "Sparkles1": {
            "position": {
              "x": -47.61654683981515,
              "y": 489.2514143546919,
              "z": -212.2003474730492
            }
          },
          "homeMountainLampParticles-2": {
            "position": {
              "x": -9.214189962371734,
              "y": 500.92882145293606,
              "z": -170.67773798140865
            },
            "rotation": {
              "x": 3.141592653589793,
              "y": -1.235920095933034,
              "z": 3.141592653589793
            }
          },
          "homeMountainLampParticles-1": {
            "position": {
              "x": -17.484961425432648,
              "y": 509.477005706128,
              "z": -168.77180814180423
            }
          },
          "homeMountainLampParticles-0": {
            "position": {
              "x": -26.293075621711868,
              "y": 508.8875400375151,
              "z": -167.79516114277857
            }
          },
          "HeaderText": {
            "position": {
              "x": 10.30772353212642,
              "y": 571.2029915116755,
              "z": 27.7015
            },
            "scale": {
              "x": 85,
              "y": 85,
              "z": 85
            },
            "rotation": {
              "x": -3.141592653589793,
              "y": 0.051739302131272875,
              "z": -3.141592653589793
            }
          }
        }
      }
    }
  },
  "definitionVersion": "0.4.0",
  "revisionHistory": [
    "76B1NJ7fsKTuBh2C",
    "tX6E0aIsBqJKDlri",
    "F5kohtStK2zw7Bbv",
    "RE0iKJLavVf2TmQl",
    "S1uXbDainuKjzq0e",
    "AY_YnDRpzUj1tsXk",
    "EyqmYn3Ese1jmfmC",
    "MIAt6kyM8-bL8428"
  ]
}